{"cameraMode":{"drawMode":0,"name":"Shaded","section":"Shading Mode"},"sceneLighting":false,"audioPlay":false,"sceneViewState":{"showFog":true,"showMaterialUpdate":false,"showSkybox":true,"showFlares":true,"showImageEffects":true,"showParticleSystems":true},"in2DMode":false,"pivot":{"x":6.0595703125,"y":2.2921295166015627,"z":-82.72157287597656},"rotation":{"x":-0.23794879019260407,"y":0.7077535390853882,"z":-0.27887415885925295,"w":-0.6040560007095337},"size":66.91325378417969,"orthographic":false}