{"cameraMode":{"drawMode":0,"name":"Shaded","section":"Shading Mode"},"sceneLighting":false,"audioPlay":false,"sceneViewState":{"showFog":true,"showMaterialUpdate":false,"showSkybox":true,"showFlares":true,"showImageEffects":true,"showParticleSystems":true},"in2DMode":false,"pivot":{"x":14.46358871459961,"y":3.8934326171875,"z":-44.1964111328125},"rotation":{"x":-0.49313467741012576,"y":0.5051321387290955,"z":-0.5294532775878906,"w":-0.4706741273403168},"size":55.0593147277832,"orthographic":false}