{"cameraMode":{"drawMode":0,"name":"Shaded","section":"Shading Mode"},"sceneLighting":false,"audioPlay":false,"sceneViewState":{"showFog":true,"showMaterialUpdate":false,"showSkybox":true,"showFlares":true,"showImageEffects":true,"showParticleSystems":true},"in2DMode":false,"pivot":{"x":-6.96917724609375,"y":-6.8235626220703129,"z":-112.41085815429688},"rotation":{"x":-0.33909815549850466,"y":0.6248679161071777,"z":-0.3461012840270996,"w":-0.6122462153434753},"size":103.24718475341797,"orthographic":false}