{"cameraMode":{"drawMode":0,"name":"Shaded","section":"Shading Mode"},"sceneLighting":false,"audioPlay":false,"sceneViewState":{"showFog":true,"showMaterialUpdate":false,"showSkybox":true,"showFlares":true,"showImageEffects":true,"showParticleSystems":true},"in2DMode":false,"pivot":{"x":-21.327289581298829,"y":-29.462047576904298,"z":-85.52045440673828},"rotation":{"x":-0.2773653566837311,"y":0.6603115200996399,"z":-0.28798192739486697,"w":-0.6357923746109009},"size":91.36161804199219,"orthographic":false}