{"cameraMode":{"drawMode":0,"name":"Shaded","section":"Shading Mode"},"sceneLighting":false,"audioPlay":false,"sceneViewState":{"showFog":true,"showMaterialUpdate":false,"showSkybox":true,"showFlares":true,"showImageEffects":true,"showParticleSystems":true},"in2DMode":false,"pivot":{"x":7.317636489868164,"y":25.63327407836914,"z":-57.63884735107422},"rotation":{"x":0.44064027070999148,"y":-0.5580428242683411,"z":0.47406941652297976,"w":0.5196146368980408},"size":30.893823623657228,"orthographic":false}