{"cameraMode":{"drawMode":0,"name":"Shaded","section":"Shading Mode"},"sceneLighting":false,"audioPlay":false,"sceneViewState":{"showFog":true,"showMaterialUpdate":false,"showSkybox":true,"showFlares":true,"showImageEffects":true,"showParticleSystems":true},"in2DMode":false,"pivot":{"x":-0.2697715759277344,"y":1.1121292114257813,"z":-59.14944076538086},"rotation":{"x":0.4251108169555664,"y":-0.5620704293251038,"z":0.4152448773384094,"w":0.5753551125526428},"size":113.03319549560547,"orthographic":false}