{"cameraMode":{"drawMode":0,"name":"Shaded","section":"Shading Mode"},"sceneLighting":true,"audioPlay":false,"sceneViewState":{"showFog":true,"showMaterialUpdate":false,"showSkybox":true,"showFlares":true,"showImageEffects":true,"showParticleSystems":true},"in2DMode":false,"pivot":{"x":0.13463211059570313,"y":1.7972440719604493,"z":1.7948877811431885},"rotation":{"x":-0.14816278219223023,"y":0.8372818827629089,"z":-0.44748273491859438,"w":-0.27731797099113467},"size":65.62614440917969,"orthographic":false}