{"cameraMode":{"drawMode":0,"name":"Shaded","section":"Shading Mode"},"sceneLighting":true,"audioPlay":false,"sceneViewState":{"showFog":true,"showMaterialUpdate":false,"showSkybox":true,"showFlares":true,"showImageEffects":true,"showParticleSystems":true},"in2DMode":false,"pivot":{"x":7.854940414428711,"y":-6.3080549240112309,"z":-30.722461700439454},"rotation":{"x":-0.0012159907491877676,"y":0.95615553855896,"z":-0.2929568290710449,"w":-0.004013380501419306},"size":76.86470031738281,"orthographic":true}