{"cameraMode":{"drawMode":0,"name":"Shaded","section":"Shading Mode"},"sceneLighting":false,"audioPlay":false,"sceneViewState":{"showFog":true,"showMaterialUpdate":false,"showSkybox":true,"showFlares":true,"showImageEffects":true,"showParticleSystems":true},"in2DMode":false,"pivot":{"x":4.717595100402832,"y":-20.783353805541993,"z":-61.733787536621097},"rotation":{"x":-0.035634249448776248,"y":-0.8801671266555786,"z":0.46869105100631716,"w":-0.06694193929433823},"size":144.09033203125,"orthographic":false}