{"cameraMode":{"drawMode":0,"name":"Shaded","section":"Shading Mode"},"sceneLighting":false,"audioPlay":false,"sceneViewState":{"showFog":true,"showMaterialUpdate":false,"showSkybox":true,"showFlares":true,"showImageEffects":true,"showParticleSystems":true},"in2DMode":false,"pivot":{"x":-6.206485748291016,"y":-8.584293365478516,"z":-6.464316368103027},"rotation":{"x":0.4349016845226288,"y":-0.5569941401481628,"z":0.4325679540634155,"w":0.5600149631500244},"size":62.326351165771487,"orthographic":false}