{"cameraMode":{"drawMode":0,"name":"Shaded","section":"Shading Mode"},"sceneLighting":false,"audioPlay":false,"sceneViewState":{"showFog":true,"showMaterialUpdate":false,"showSkybox":true,"showFlares":true,"showImageEffects":true,"showParticleSystems":true},"in2DMode":false,"pivot":{"x":-6.169192314147949,"y":-17.765043258666993,"z":-87.80342102050781},"rotation":{"x":0.02198188751935959,"y":0.9164301156997681,"z":-0.3964710235595703,"w":0.05092912167310715},"size":149.9791717529297,"orthographic":false}