{"cameraMode":{"drawMode":0,"name":"Shaded","section":"Shading Mode"},"sceneLighting":true,"audioPlay":false,"sceneViewState":{"showFog":true,"showMaterialUpdate":false,"showSkybox":true,"showFlares":true,"showImageEffects":true,"showParticleSystems":true},"in2DMode":false,"pivot":{"x":522.758056640625,"y":199.1837921142578,"z":211.11492919921876},"rotation":{"x":-0.14566510915756226,"y":-0.5550488829612732,"z":0.09946003556251526,"w":-0.8129027485847473},"size":365.646484375,"orthographic":false}